id,name,rarity,prompt
1,Charles the Architect,Mythic,"Create a futuristic fantasy trading card using the ADA ARCANA frame template. Center the illustration of Charles the Architect, a mythic-tier card from the ADA ARCANA universe. Depict founder of the citadel. summon to boost all allied structures hp by 30. in a cyber-fantasy artstyle  blending glowing circuitry, digital runes, and mystical light. Replace the title text area with Charles the Architect. Replace the rarity box with Mythic. Write the description Founder of the Citadel. Summon to boost all allied structures HP by 30. inside the bottom black text box using elegant futuristic calligraphy font with blue or violet glow. Make the artwork appear as a holographic projection inside the frame, with neon reflections and magical energy patterns. Art style sci-fantasy, digital painting, cinematic lighting, holographic glow, 57 aspect ratio."
2,Bison Vanguard,Rare,"Create a futuristic fantasy trading card using the ADA ARCANA frame template. Center the illustration of Bison Vanguard, a rare-tier card from the ADA ARCANA universe. Depict tower defender that deals double damage to invading units. in a cyber-fantasy artstyle  blending glowing circuitry, digital runes, and mystical light. Replace the title text area with Bison Vanguard. Replace the rarity box with Rare. Write the description Tower defender that deals double damage to invading units. inside the bottom black text box using elegant futuristic calligraphy font with blue or violet glow. Make the artwork appear as a holographic projection inside the frame, with neon reflections and magical energy patterns. Art style sci-fantasy, digital painting, cinematic lighting, holographic glow, 57 aspect ratio."
3,Spirit of ADA,Mythic,"Create a futuristic fantasy trading card using the ADA ARCANA frame template. Center the illustration of Spirit of ADA, a mythic-tier card from the ADA ARCANA universe. Depict channel blockchain energy to restore mana of all allies. in a cyber-fantasy artstyle  blending glowing circuitry, digital runes, and mystical light. Replace the title text area with Spirit of ADA. Replace the rarity box with Mythic. Write the description Channel blockchain energy to restore mana of all allies. inside the bottom black text box using elegant futuristic calligraphy font with blue or violet glow. Make the artwork appear as a holographic projection inside the frame, with neon reflections and magical energy patterns. Art style sci-fantasy, digital painting, cinematic lighting, holographic glow, 57 aspect ratio."
4,The Citadel Gate,Uncommon,"Create a futuristic fantasy trading card using the ADA ARCANA frame template. Center the illustration of The Citadel Gate, a uncommon-tier card from the ADA ARCANA universe. Depict a defensive relic that prevents first turn damage. in a cyber-fantasy artstyle  blending glowing circuitry, digital runes, and mystical light. Replace the title text area with The Citadel Gate. Replace the rarity box with Uncommon. Write the description A defensive relic that prevents first turn damage. inside the bottom black text box using elegant futuristic calligraphy font with blue or violet glow. Make the artwork appear as a holographic projection inside the frame, with neon reflections and magical energy patterns. Art style sci-fantasy, digital painting, cinematic lighting, holographic glow, 57 aspect ratio."
5,Whale of Fortune,Legendary,"Create a futuristic fantasy trading card using the ADA ARCANA frame template. Center the illustration of Whale of Fortune, a legendary-tier card from the ADA ARCANA universe. Depict gain 3 random resources at the start of each round. in a cyber-fantasy artstyle  blending glowing circuitry, digital runes, and mystical light. Replace the title text area with Whale of Fortune. Replace the rarity box with Legendary. Write the description Gain 3 random resources at the start of each round. inside the bottom black text box using elegant futuristic calligraphy font with blue or violet glow. Make the artwork appear as a holographic projection inside the frame, with neon reflections and magical energy patterns. Art style sci-fantasy, digital painting, cinematic lighting, holographic glow, 57 aspect ratio."
6,Obra Forgemaster,Epic,"Create a futuristic fantasy trading card using the ADA ARCANA frame template. Center the illustration of Obra Forgemaster, a epic-tier card from the ADA ARCANA universe. Depict creates one weapon token every 2 turns for your army. in a cyber-fantasy artstyle  blending glowing circuitry, digital runes, and mystical light. Replace the title text area with Obra Forgemaster. Replace the rarity box with Epic. Write the description Creates one Weapon Token every 2 turns for your army. inside the bottom black text box using elegant futuristic calligraphy font with blue or violet glow. Make the artwork appear as a holographic projection inside the frame, with neon reflections and magical energy patterns. Art style sci-fantasy, digital painting, cinematic lighting, holographic glow, 57 aspect ratio."
7,Cardano Priestess,Common,"Create a futuristic fantasy trading card using the ADA ARCANA frame template. Center the illustration of Cardano Priestess, a common-tier card from the ADA ARCANA universe. Depict healer of the chain. recovers 20 hp of the weakest ally. in a cyber-fantasy artstyle  blending glowing circuitry, digital runes, and mystical light. Replace the title text area with Cardano Priestess. Replace the rarity box with Common. Write the description Healer of the chain. Recovers 20 HP of the weakest ally. inside the bottom black text box using elegant futuristic calligraphy font with blue or violet glow. Make the artwork appear as a holographic projection inside the frame, with neon reflections and magical energy patterns. Art style sci-fantasy, digital painting, cinematic lighting, holographic glow, 57 aspect ratio."
8,Soul of the Bison,Mythic,"Create a futuristic fantasy trading card using the ADA ARCANA frame template. Center the illustration of Soul of the Bison, a mythic-tier card from the ADA ARCANA universe. Depict summon a bison guardian for one battle. in a cyber-fantasy artstyle  blending glowing circuitry, digital runes, and mystical light. Replace the title text area with Soul of the Bison. Replace the rarity box with Mythic. Write the description Summon a Bison Guardian for one battle. inside the bottom black text box using elegant futuristic calligraphy font with blue or violet glow. Make the artwork appear as a holographic projection inside the frame, with neon reflections and magical energy patterns. Art style sci-fantasy, digital painting, cinematic lighting, holographic glow, 57 aspect ratio."
9,Hydra Node,Legendary,"Create a futuristic fantasy trading card using the ADA ARCANA frame template. Center the illustration of Hydra Node, a legendary-tier card from the ADA ARCANA universe. Depict increases mana generation rate by 2 for 3 turns. in a cyber-fantasy artstyle  blending glowing circuitry, digital runes, and mystical light. Replace the title text area with Hydra Node. Replace the rarity box with Legendary. Write the description Increases mana generation rate by 2 for 3 turns. inside the bottom black text box using elegant futuristic calligraphy font with blue or violet glow. Make the artwork appear as a holographic projection inside the frame, with neon reflections and magical energy patterns. Art style sci-fantasy, digital painting, cinematic lighting, holographic glow, 57 aspect ratio."
10,Charles Command,Epic,"Create a futuristic fantasy trading card using the ADA ARCANA frame template. Center the illustration of Charles Command, a epic-tier card from the ADA ARCANA universe. Depict all citadel units gain 2 atk and 1 def. in a cyber-fantasy artstyle  blending glowing circuitry, digital runes, and mystical light. Replace the title text area with Charles Command. Replace the rarity box with Epic. Write the description All Citadel units gain 2 ATK and 1 DEF. inside the bottom black text box using elegant futuristic calligraphy font with blue or violet glow. Make the artwork appear as a holographic projection inside the frame, with neon reflections and magical energy patterns. Art style sci-fantasy, digital painting, cinematic lighting, holographic glow, 57 aspect ratio."
11,Junkora Survivor,Uncommon,"Create a futuristic fantasy trading card using the ADA ARCANA frame template. Center the illustration of Junkora Survivor, a uncommon-tier card from the ADA ARCANA universe. Depict gains 1 atk every time a card is destroyed. in a cyber-fantasy artstyle  blending glowing circuitry, digital runes, and mystical light. Replace the title text area with Junkora Survivor. Replace the rarity box with Uncommon. Write the description Gains 1 ATK every time a card is destroyed. inside the bottom black text box using elegant futuristic calligraphy font with blue or violet glow. Make the artwork appear as a holographic projection inside the frame, with neon reflections and magical energy patterns. Art style sci-fantasy, digital painting, cinematic lighting, holographic glow, 57 aspect ratio."
12,Eclipse Shard,Rare,"Create a futuristic fantasy trading card using the ADA ARCANA frame template. Center the illustration of Eclipse Shard, a rare-tier card from the ADA ARCANA universe. Depict cancels the effect of the next enemy spell. in a cyber-fantasy artstyle  blending glowing circuitry, digital runes, and mystical light. Replace the title text area with Eclipse Shard. Replace the rarity box with Rare. Write the description Cancels the effect of the next enemy spell. inside the bottom black text box using elegant futuristic calligraphy font with blue or violet glow. Make the artwork appear as a holographic projection inside the frame, with neon reflections and magical energy patterns. Art style sci-fantasy, digital painting, cinematic lighting, holographic glow, 57 aspect ratio."
13,Bison Island,Uncommon,"Create a futuristic fantasy trading card using the ADA ARCANA frame template. Center the illustration of Bison Island, a uncommon-tier card from the ADA ARCANA universe. Depict deploys an island that produces food and metal per turn. in a cyber-fantasy artstyle  blending glowing circuitry, digital runes, and mystical light. Replace the title text area with Bison Island. Replace the rarity box with Uncommon. Write the description Deploys an island that produces food and metal per turn. inside the bottom black text box using elegant futuristic calligraphy font with blue or violet glow. Make the artwork appear as a holographic projection inside the frame, with neon reflections and magical energy patterns. Art style sci-fantasy, digital painting, cinematic lighting, holographic glow, 57 aspect ratio."
14,Citadel Drone Unit,Common,"Create a futuristic fantasy trading card using the ADA ARCANA frame template. Center the illustration of Citadel Drone Unit, a common-tier card from the ADA ARCANA universe. Depict a tech-powered scout that reveals enemy hidden cards. in a cyber-fantasy artstyle  blending glowing circuitry, digital runes, and mystical light. Replace the title text area with Citadel Drone Unit. Replace the rarity box with Common. Write the description A tech-powered scout that reveals enemy hidden cards. inside the bottom black text box using elegant futuristic calligraphy font with blue or violet glow. Make the artwork appear as a holographic projection inside the frame, with neon reflections and magical energy patterns. Art style sci-fantasy, digital painting, cinematic lighting, holographic glow, 57 aspect ratio."
15,Phantom Coder,Legendary,"Create a futuristic fantasy trading card using the ADA ARCANA frame template. Center the illustration of Phantom Coder, a legendary-tier card from the ADA ARCANA universe. Depict hack and copy any one-time ability from an opponent. in a cyber-fantasy artstyle  blending glowing circuitry, digital runes, and mystical light. Replace the title text area with Phantom Coder. Replace the rarity box with Legendary. Write the description Hack and copy any one-time ability from an opponent. inside the bottom black text box using elegant futuristic calligraphy font with blue or violet glow. Make the artwork appear as a holographic projection inside the frame, with neon reflections and magical energy patterns. Art style sci-fantasy, digital painting, cinematic lighting, holographic glow, 57 aspect ratio."
16,Token Altar,Uncommon,"Create a futuristic fantasy trading card using the ADA ARCANA frame template. Center the illustration of Token Altar, a uncommon-tier card from the ADA ARCANA universe. Depict generate 1 coc token per victory round. in a cyber-fantasy artstyle  blending glowing circuitry, digital runes, and mystical light. Replace the title text area with Token Altar. Replace the rarity box with Uncommon. Write the description Generate 1 COC token per victory round. inside the bottom black text box using elegant futuristic calligraphy font with blue or violet glow. Make the artwork appear as a holographic projection inside the frame, with neon reflections and magical energy patterns. Art style sci-fantasy, digital painting, cinematic lighting, holographic glow, 57 aspect ratio."
17,Celestial Chain,Celestial,"Create a futuristic fantasy trading card using the ADA ARCANA frame template. Center the illustration of Celestial Chain, a celestial-tier card from the ADA ARCANA universe. Depict prevents your mythic card from being destroyed once. in a cyber-fantasy artstyle  blending glowing circuitry, digital runes, and mystical light. Replace the title text area with Celestial Chain. Replace the rarity box with Celestial. Write the description Prevents your Mythic card from being destroyed once. inside the bottom black text box using elegant futuristic calligraphy font with blue or violet glow. Make the artwork appear as a holographic projection inside the frame, with neon reflections and magical energy patterns. Art style sci-fantasy, digital painting, cinematic lighting, holographic glow, 57 aspect ratio."
18,Deep Catch Leviathan,Mythic,"Create a futuristic fantasy trading card using the ADA ARCANA frame template. Center the illustration of Deep Catch Leviathan, a mythic-tier card from the ADA ARCANA universe. Depict summon a massive sea creature to devour weakest enemy. in a cyber-fantasy artstyle  blending glowing circuitry, digital runes, and mystical light. Replace the title text area with Deep Catch Leviathan. Replace the rarity box with Mythic. Write the description Summon a massive sea creature to devour weakest enemy. inside the bottom black text box using elegant futuristic calligraphy font with blue or violet glow. Make the artwork appear as a holographic projection inside the frame, with neon reflections and magical energy patterns. Art style sci-fantasy, digital painting, cinematic lighting, holographic glow, 57 aspect ratio."
19,Citadel Miner,Common,"Create a futuristic fantasy trading card using the ADA ARCANA frame template. Center the illustration of Citadel Miner, a common-tier card from the ADA ARCANA universe. Depict gain 1 resource per turn while active. in a cyber-fantasy artstyle  blending glowing circuitry, digital runes, and mystical light. Replace the title text area with Citadel Miner. Replace the rarity box with Common. Write the description Gain 1 resource per turn while active. inside the bottom black text box using elegant futuristic calligraphy font with blue or violet glow. Make the artwork appear as a holographic projection inside the frame, with neon reflections and magical energy patterns. Art style sci-fantasy, digital painting, cinematic lighting, holographic glow, 57 aspect ratio."
20,The System Core,Legendary,"Create a futuristic fantasy trading card using the ADA ARCANA frame template. Center the illustration of The System Core, a legendary-tier card from the ADA ARCANA universe. Depict boosts production of all citadel buildings by 25. in a cyber-fantasy artstyle  blending glowing circuitry, digital runes, and mystical light. Replace the title text area with The System Core. Replace the rarity box with Legendary. Write the description Boosts production of all Citadel buildings by 25. inside the bottom black text box using elegant futuristic calligraphy font with blue or violet glow. Make the artwork appear as a holographic projection inside the frame, with neon reflections and magical energy patterns. Art style sci-fantasy, digital painting, cinematic lighting, holographic glow, 57 aspect ratio."
21,Frogano Scout,Common,"Create a futuristic fantasy trading card using the ADA ARCANA frame template. Center the illustration of Frogano Scout, a common-tier card from the ADA ARCANA universe. Depict draw 1 extra card when played. in a cyber-fantasy artstyle  blending glowing circuitry, digital runes, and mystical light. Replace the title text area with Frogano Scout. Replace the rarity box with Common. Write the description Draw 1 extra card when played. inside the bottom black text box using elegant futuristic calligraphy font with blue or violet glow. Make the artwork appear as a holographic projection inside the frame, with neon reflections and magical energy patterns. Art style sci-fantasy, digital painting, cinematic lighting, holographic glow, 57 aspect ratio."
22,Bison King,Mythic,"Create a futuristic fantasy trading card using the ADA ARCANA frame template. Center the illustration of Bison King, a mythic-tier card from the ADA ARCANA universe. Depict leader of the bison clans, grants 3 atk to all bison cards. in a cyber-fantasy artstyle  blending glowing circuitry, digital runes, and mystical light. Replace the title text area with Bison King. Replace the rarity box with Mythic. Write the description Leader of the Bison clans, grants 3 ATK to all Bison cards. inside the bottom black text box using elegant futuristic calligraphy font with blue or violet glow. Make the artwork appear as a holographic projection inside the frame, with neon reflections and magical energy patterns. Art style sci-fantasy, digital painting, cinematic lighting, holographic glow, 57 aspect ratio."
23,Soul Reactor,Epic,"Create a futuristic fantasy trading card using the ADA ARCANA frame template. Center the illustration of Soul Reactor, a epic-tier card from the ADA ARCANA universe. Depict converts hp into mana. high risk, high reward. in a cyber-fantasy artstyle  blending glowing circuitry, digital runes, and mystical light. Replace the title text area with Soul Reactor. Replace the rarity box with Epic. Write the description Converts HP into Mana. High risk, high reward. inside the bottom black text box using elegant futuristic calligraphy font with blue or violet glow. Make the artwork appear as a holographic projection inside the frame, with neon reflections and magical energy patterns. Art style sci-fantasy, digital painting, cinematic lighting, holographic glow, 57 aspect ratio."
24,Mystic Node,Uncommon,"Create a futuristic fantasy trading card using the ADA ARCANA frame template. Center the illustration of Mystic Node, a uncommon-tier card from the ADA ARCANA universe. Depict search your deck for a tech or magic card. in a cyber-fantasy artstyle  blending glowing circuitry, digital runes, and mystical light. Replace the title text area with Mystic Node. Replace the rarity box with Uncommon. Write the description Search your deck for a Tech or Magic card. inside the bottom black text box using elegant futuristic calligraphy font with blue or violet glow. Make the artwork appear as a holographic projection inside the frame, with neon reflections and magical energy patterns. Art style sci-fantasy, digital painting, cinematic lighting, holographic glow, 57 aspect ratio."
25,Citadel Orbital Cannon,Mythic,"Create a futuristic fantasy trading card using the ADA ARCANA frame template. Center the illustration of Citadel Orbital Cannon, a mythic-tier card from the ADA ARCANA universe. Depict destroy any card on the field. requires 3 energy tokens. in a cyber-fantasy artstyle  blending glowing circuitry, digital runes, and mystical light. Replace the title text area with Citadel Orbital Cannon. Replace the rarity box with Mythic. Write the description Destroy any card on the field. Requires 3 energy tokens. inside the bottom black text box using elegant futuristic calligraphy font with blue or violet glow. Make the artwork appear as a holographic projection inside the frame, with neon reflections and magical energy patterns. Art style sci-fantasy, digital painting, cinematic lighting, holographic glow, 57 aspect ratio."
26,Chain Guardian,Epic,"Create a futuristic fantasy trading card using the ADA ARCANA frame template. Center the illustration of Chain Guardian, a epic-tier card from the ADA ARCANA universe. Depict immune to destruction by non-magical effects. in a cyber-fantasy artstyle  blending glowing circuitry, digital runes, and mystical light. Replace the title text area with Chain Guardian. Replace the rarity box with Epic. Write the description Immune to destruction by non-magical effects. inside the bottom black text box using elegant futuristic calligraphy font with blue or violet glow. Make the artwork appear as a holographic projection inside the frame, with neon reflections and magical energy patterns. Art style sci-fantasy, digital painting, cinematic lighting, holographic glow, 57 aspect ratio."
27,Cardano Emissary,Rare,"Create a futuristic fantasy trading card using the ADA ARCANA frame template. Center the illustration of Cardano Emissary, a rare-tier card from the ADA ARCANA universe. Depict draw two cards. if one is legendary, gain 5 credits. in a cyber-fantasy artstyle  blending glowing circuitry, digital runes, and mystical light. Replace the title text area with Cardano Emissary. Replace the rarity box with Rare. Write the description Draw two cards. If one is Legendary, gain 5 credits. inside the bottom black text box using elegant futuristic calligraphy font with blue or violet glow. Make the artwork appear as a holographic projection inside the frame, with neon reflections and magical energy patterns. Art style sci-fantasy, digital painting, cinematic lighting, holographic glow, 57 aspect ratio."
28,Ascendant Charles,Celestial,"Create a futuristic fantasy trading card using the ADA ARCANA frame template. Center the illustration of Ascendant Charles, a celestial-tier card from the ADA ARCANA universe. Depict ultimate form. automatically wins if combined with citadel core. in a cyber-fantasy artstyle  blending glowing circuitry, digital runes, and mystical light. Replace the title text area with Ascendant Charles. Replace the rarity box with Celestial. Write the description Ultimate form. Automatically wins if combined with Citadel Core. inside the bottom black text box using elegant futuristic calligraphy font with blue or violet glow. Make the artwork appear as a holographic projection inside the frame, with neon reflections and magical energy patterns. Art style sci-fantasy, digital painting, cinematic lighting, holographic glow, 57 aspect ratio."
29,Defence Protocol Omega,Legendary,"Create a futuristic fantasy trading card using the ADA ARCANA frame template. Center the illustration of Defence Protocol Omega, a legendary-tier card from the ADA ARCANA universe. Depict all enemies lose 50 atk for 2 turns. in a cyber-fantasy artstyle  blending glowing circuitry, digital runes, and mystical light. Replace the title text area with Defence Protocol Omega. Replace the rarity box with Legendary. Write the description All enemies lose 50 ATK for 2 turns. inside the bottom black text box using elegant futuristic calligraphy font with blue or violet glow. Make the artwork appear as a holographic projection inside the frame, with neon reflections and magical energy patterns. Art style sci-fantasy, digital painting, cinematic lighting, holographic glow, 57 aspect ratio."
30,ADA Genesis Sigil,Celestial,"Create a futuristic fantasy trading card using the ADA ARCANA frame template. Center the illustration of ADA Genesis Sigil, a celestial-tier card from the ADA ARCANA universe. Depict symbol of balance  reshuffles your graveyard into the deck. in a cyber-fantasy artstyle  blending glowing circuitry, digital runes, and mystical light. Replace the title text area with ADA Genesis Sigil. Replace the rarity box with Celestial. Write the description Symbol of balance  reshuffles your graveyard into the deck. inside the bottom black text box using elegant futuristic calligraphy font with blue or violet glow. Make the artwork appear as a holographic projection inside the frame, with neon reflections and magical energy patterns. Art style sci-fantasy, digital painting, cinematic lighting, holographic glow, 57 aspect ratio."
31,Whale Harbor,Common,"Create a futuristic fantasy trading card using the ADA ARCANA frame template. Center the illustration of Whale Harbor, a common-tier card from the ADA ARCANA universe. Depict building  whale harbor produces resources each turn and strengthens nearby units. in a cyber-fantasy artstyle  blending glowing circuitry, digital runes, and mystical light. Replace the title text area with Whale Harbor. Replace the rarity box with Common. Write the description Building  Whale Harbor produces resources each turn and strengthens nearby units. inside the bottom black text box using elegant futuristic calligraphy font with blue or violet glow. Make the artwork appear as a holographic projection inside the frame, with neon reflections and magical energy patterns. Art style sci-fantasy, digital painting, cinematic lighting, holographic glow, 57 aspect ratio."
32,Divine Uptime,Common,"Create a futuristic fantasy trading card using the ADA ARCANA frame template. Center the illustration of Divine Uptime, a common-tier card from the ADA ARCANA universe. Depict spell  cast divine uptime to trigger a one-time effect that shifts tempo. in a cyber-fantasy artstyle  blending glowing circuitry, digital runes, and mystical light. Replace the title text area with Divine Uptime. Replace the rarity box with Common. Write the description Spell  Cast Divine Uptime to trigger a one-time effect that shifts tempo. inside the bottom black text box using elegant futuristic calligraphy font with blue or violet glow. Make the artwork appear as a holographic projection inside the frame, with neon reflections and magical energy patterns. Art style sci-fantasy, digital painting, cinematic lighting, holographic glow, 57 aspect ratio."
33,Obra Hammer,Common,"Create a futuristic fantasy trading card using the ADA ARCANA frame template. Center the illustration of Obra Hammer, a common-tier card from the ADA ARCANA universe. Depict relic  while obra hammer remains, your resource gain is amplified. in a cyber-fantasy artstyle  blending glowing circuitry, digital runes, and mystical light. Replace the title text area with Obra Hammer. Replace the rarity box with Common. Write the description Relic  While Obra Hammer remains, your resource gain is amplified. inside the bottom black text box using elegant futuristic calligraphy font with blue or violet glow. Make the artwork appear as a holographic projection inside the frame, with neon reflections and magical energy patterns. Art style sci-fantasy, digital painting, cinematic lighting, holographic glow, 57 aspect ratio."
34,Rune Berserker,Common,"Create a futuristic fantasy trading card using the ADA ARCANA frame template. Center the illustration of Rune Berserker, a common-tier card from the ADA ARCANA universe. Depict unit  rune berserker enters with a tactical bonus when adjacent to a building. in a cyber-fantasy artstyle  blending glowing circuitry, digital runes, and mystical light. Replace the title text area with Rune Berserker. Replace the rarity box with Common. Write the description Unit  Rune Berserker enters with a tactical bonus when adjacent to a Building. inside the bottom black text box using elegant futuristic calligraphy font with blue or violet glow. Make the artwork appear as a holographic projection inside the frame, with neon reflections and magical energy patterns. Art style sci-fantasy, digital painting, cinematic lighting, holographic glow, 57 aspect ratio."
35,Mana Hydration,Common,"Create a futuristic fantasy trading card using the ADA ARCANA frame template. Center the illustration of Mana Hydration, a common-tier card from the ADA ARCANA universe. Depict spell  cast mana hydration to trigger a one-time effect that shifts tempo. in a cyber-fantasy artstyle  blending glowing circuitry, digital runes, and mystical light. Replace the title text area with Mana Hydration. Replace the rarity box with Common. Write the description Spell  Cast Mana Hydration to trigger a one-time effect that shifts tempo. inside the bottom black text box using elegant futuristic calligraphy font with blue or violet glow. Make the artwork appear as a holographic projection inside the frame, with neon reflections and magical energy patterns. Art style sci-fantasy, digital painting, cinematic lighting, holographic glow, 57 aspect ratio."
36,Void Ranger,Common,"Create a futuristic fantasy trading card using the ADA ARCANA frame template. Center the illustration of Void Ranger, a common-tier card from the ADA ARCANA universe. Depict unit  void ranger enters with a tactical bonus when adjacent to a building. in a cyber-fantasy artstyle  blending glowing circuitry, digital runes, and mystical light. Replace the title text area with Void Ranger. Replace the rarity box with Common. Write the description Unit  Void Ranger enters with a tactical bonus when adjacent to a Building. inside the bottom black text box using elegant futuristic calligraphy font with blue or violet glow. Make the artwork appear as a holographic projection inside the frame, with neon reflections and magical energy patterns. Art style sci-fantasy, digital painting, cinematic lighting, holographic glow, 57 aspect ratio."
37,Citadel Paladin,Common,"Create a futuristic fantasy trading card using the ADA ARCANA frame template. Center the illustration of Citadel Paladin, a common-tier card from the ADA ARCANA universe. Depict unit  citadel paladin enters with a tactical bonus when adjacent to a building. in a cyber-fantasy artstyle  blending glowing circuitry, digital runes, and mystical light. Replace the title text area with Citadel Paladin. Replace the rarity box with Common. Write the description Unit  Citadel Paladin enters with a tactical bonus when adjacent to a Building. inside the bottom black text box using elegant futuristic calligraphy font with blue or violet glow. Make the artwork appear as a holographic projection inside the frame, with neon reflections and magical energy patterns. Art style sci-fantasy, digital painting, cinematic lighting, holographic glow, 57 aspect ratio."
38,Sigil Lantern,Common,"Create a futuristic fantasy trading card using the ADA ARCANA frame template. Center the illustration of Sigil Lantern, a common-tier card from the ADA ARCANA universe. Depict relic  while sigil lantern remains, your resource gain is amplified. in a cyber-fantasy artstyle  blending glowing circuitry, digital runes, and mystical light. Replace the title text area with Sigil Lantern. Replace the rarity box with Common. Write the description Relic  While Sigil Lantern remains, your resource gain is amplified. inside the bottom black text box using elegant futuristic calligraphy font with blue or violet glow. Make the artwork appear as a holographic projection inside the frame, with neon reflections and magical energy patterns. Art style sci-fantasy, digital painting, cinematic lighting, holographic glow, 57 aspect ratio."
39,Stormcaller,Common,"Create a futuristic fantasy trading card using the ADA ARCANA frame template. Center the illustration of Stormcaller, a common-tier card from the ADA ARCANA universe. Depict unit  stormcaller enters with a tactical bonus when adjacent to a building. in a cyber-fantasy artstyle  blending glowing circuitry, digital runes, and mystical light. Replace the title text area with Stormcaller. Replace the rarity box with Common. Write the description Unit  Stormcaller enters with a tactical bonus when adjacent to a Building. inside the bottom black text box using elegant futuristic calligraphy font with blue or violet glow. Make the artwork appear as a holographic projection inside the frame, with neon reflections and magical energy patterns. Art style sci-fantasy, digital painting, cinematic lighting, holographic glow, 57 aspect ratio."
40,Bison Totem,Common,"Create a futuristic fantasy trading card using the ADA ARCANA frame template. Center the illustration of Bison Totem, a common-tier card from the ADA ARCANA universe. Depict relic  while bison totem remains, your resource gain is amplified. in a cyber-fantasy artstyle  blending glowing circuitry, digital runes, and mystical light. Replace the title text area with Bison Totem. Replace the rarity box with Common. Write the description Relic  While Bison Totem remains, your resource gain is amplified. inside the bottom black text box using elegant futuristic calligraphy font with blue or violet glow. Make the artwork appear as a holographic projection inside the frame, with neon reflections and magical energy patterns. Art style sci-fantasy, digital painting, cinematic lighting, holographic glow, 57 aspect ratio."
41,Runic Lens,Common,"Create a futuristic fantasy trading card using the ADA ARCANA frame template. Center the illustration of Runic Lens, a common-tier card from the ADA ARCANA universe. Depict relic  while runic lens remains, your resource gain is amplified. in a cyber-fantasy artstyle  blending glowing circuitry, digital runes, and mystical light. Replace the title text area with Runic Lens. Replace the rarity box with Common. Write the description Relic  While Runic Lens remains, your resource gain is amplified. inside the bottom black text box using elegant futuristic calligraphy font with blue or violet glow. Make the artwork appear as a holographic projection inside the frame, with neon reflections and magical energy patterns. Art style sci-fantasy, digital painting, cinematic lighting, holographic glow, 57 aspect ratio."
42,Crystal Warden,Common,"Create a futuristic fantasy trading card using the ADA ARCANA frame template. Center the illustration of Crystal Warden, a common-tier card from the ADA ARCANA universe. Depict unit  crystal warden enters with a tactical bonus when adjacent to a building. in a cyber-fantasy artstyle  blending glowing circuitry, digital runes, and mystical light. Replace the title text area with Crystal Warden. Replace the rarity box with Common. Write the description Unit  Crystal Warden enters with a tactical bonus when adjacent to a Building. inside the bottom black text box using elegant futuristic calligraphy font with blue or violet glow. Make the artwork appear as a holographic projection inside the frame, with neon reflections and magical energy patterns. Art style sci-fantasy, digital painting, cinematic lighting, holographic glow, 57 aspect ratio."
43,Firewall Bloom,Common,"Create a futuristic fantasy trading card using the ADA ARCANA frame template. Center the illustration of Firewall Bloom, a common-tier card from the ADA ARCANA universe. Depict spell  cast firewall bloom to trigger a one-time effect that shifts tempo. in a cyber-fantasy artstyle  blending glowing circuitry, digital runes, and mystical light. Replace the title text area with Firewall Bloom. Replace the rarity box with Common. Write the description Spell  Cast Firewall Bloom to trigger a one-time effect that shifts tempo. inside the bottom black text box using elegant futuristic calligraphy font with blue or violet glow. Make the artwork appear as a holographic projection inside the frame, with neon reflections and magical energy patterns. Art style sci-fantasy, digital painting, cinematic lighting, holographic glow, 57 aspect ratio."
44,Solar Loom,Common,"Create a futuristic fantasy trading card using the ADA ARCANA frame template. Center the illustration of Solar Loom, a common-tier card from the ADA ARCANA universe. Depict relic  while solar loom remains, your resource gain is amplified. in a cyber-fantasy artstyle  blending glowing circuitry, digital runes, and mystical light. Replace the title text area with Solar Loom. Replace the rarity box with Common. Write the description Relic  While Solar Loom remains, your resource gain is amplified. inside the bottom black text box using elegant futuristic calligraphy font with blue or violet glow. Make the artwork appear as a holographic projection inside the frame, with neon reflections and magical energy patterns. Art style sci-fantasy, digital painting, cinematic lighting, holographic glow, 57 aspect ratio."
45,Cold Boot,Uncommon,"Create a futuristic fantasy trading card using the ADA ARCANA frame template. Center the illustration of Cold Boot, a uncommon-tier card from the ADA ARCANA universe. Depict spell  cast cold boot to trigger a one-time effect that shifts tempo. in a cyber-fantasy artstyle  blending glowing circuitry, digital runes, and mystical light. Replace the title text area with Cold Boot. Replace the rarity box with Uncommon. Write the description Spell  Cast Cold Boot to trigger a one-time effect that shifts tempo. inside the bottom black text box using elegant futuristic calligraphy font with blue or violet glow. Make the artwork appear as a holographic projection inside the frame, with neon reflections and magical energy patterns. Art style sci-fantasy, digital painting, cinematic lighting, holographic glow, 57 aspect ratio."
46,Citadel Marketplace,Common,"Create a futuristic fantasy trading card using the ADA ARCANA frame template. Center the illustration of Citadel Marketplace, a common-tier card from the ADA ARCANA universe. Depict building  citadel marketplace produces resources each turn and strengthens nearby units. in a cyber-fantasy artstyle  blending glowing circuitry, digital runes, and mystical light. Replace the title text area with Citadel Marketplace. Replace the rarity box with Common. Write the description Building  Citadel Marketplace produces resources each turn and strengthens nearby units. inside the bottom black text box using elegant futuristic calligraphy font with blue or violet glow. Make the artwork appear as a holographic projection inside the frame, with neon reflections and magical energy patterns. Art style sci-fantasy, digital painting, cinematic lighting, holographic glow, 57 aspect ratio."
47,Sanctify Protocol,Uncommon,"Create a futuristic fantasy trading card using the ADA ARCANA frame template. Center the illustration of Sanctify Protocol, a uncommon-tier card from the ADA ARCANA universe. Depict spell  cast sanctify protocol to trigger a one-time effect that shifts tempo. in a cyber-fantasy artstyle  blending glowing circuitry, digital runes, and mystical light. Replace the title text area with Sanctify Protocol. Replace the rarity box with Uncommon. Write the description Spell  Cast Sanctify Protocol to trigger a one-time effect that shifts tempo. inside the bottom black text box using elegant futuristic calligraphy font with blue or violet glow. Make the artwork appear as a holographic projection inside the frame, with neon reflections and magical energy patterns. Art style sci-fantasy, digital painting, cinematic lighting, holographic glow, 57 aspect ratio."
48,Overclock,Common,"Create a futuristic fantasy trading card using the ADA ARCANA frame template. Center the illustration of Overclock, a common-tier card from the ADA ARCANA universe. Depict spell  cast overclock to trigger a one-time effect that shifts tempo. in a cyber-fantasy artstyle  blending glowing circuitry, digital runes, and mystical light. Replace the title text area with Overclock. Replace the rarity box with Common. Write the description Spell  Cast Overclock to trigger a one-time effect that shifts tempo. inside the bottom black text box using elegant futuristic calligraphy font with blue or violet glow. Make the artwork appear as a holographic projection inside the frame, with neon reflections and magical energy patterns. Art style sci-fantasy, digital painting, cinematic lighting, holographic glow, 57 aspect ratio."
49,Whale Horn,Uncommon,"Create a futuristic fantasy trading card using the ADA ARCANA frame template. Center the illustration of Whale Horn, a uncommon-tier card from the ADA ARCANA universe. Depict relic  while whale horn remains, your resource gain is amplified. in a cyber-fantasy artstyle  blending glowing circuitry, digital runes, and mystical light. Replace the title text area with Whale Horn. Replace the rarity box with Uncommon. Write the description Relic  While Whale Horn remains, your resource gain is amplified. inside the bottom black text box using elegant futuristic calligraphy font with blue or violet glow. Make the artwork appear as a holographic projection inside the frame, with neon reflections and magical energy patterns. Art style sci-fantasy, digital painting, cinematic lighting, holographic glow, 57 aspect ratio."
50,Stake Surge,Common,"Create a futuristic fantasy trading card using the ADA ARCANA frame template. Center the illustration of Stake Surge, a common-tier card from the ADA ARCANA universe. Depict spell  cast stake surge to trigger a one-time effect that shifts tempo. in a cyber-fantasy artstyle  blending glowing circuitry, digital runes, and mystical light. Replace the title text area with Stake Surge. Replace the rarity box with Common. Write the description Spell  Cast Stake Surge to trigger a one-time effect that shifts tempo. inside the bottom black text box using elegant futuristic calligraphy font with blue or violet glow. Make the artwork appear as a holographic projection inside the frame, with neon reflections and magical energy patterns. Art style sci-fantasy, digital painting, cinematic lighting, holographic glow, 57 aspect ratio."
51,Rally the Bison,Uncommon,"Create a futuristic fantasy trading card using the ADA ARCANA frame template. Center the illustration of Rally the Bison, a uncommon-tier card from the ADA ARCANA universe. Depict spell  cast rally the bison to trigger a one-time effect that shifts tempo. in a cyber-fantasy artstyle  blending glowing circuitry, digital runes, and mystical light. Replace the title text area with Rally the Bison. Replace the rarity box with Uncommon. Write the description Spell  Cast Rally the Bison to trigger a one-time effect that shifts tempo. inside the bottom black text box using elegant futuristic calligraphy font with blue or violet glow. Make the artwork appear as a holographic projection inside the frame, with neon reflections and magical energy patterns. Art style sci-fantasy, digital painting, cinematic lighting, holographic glow, 57 aspect ratio."
52,Glove of Forging,Common,"Create a futuristic fantasy trading card using the ADA ARCANA frame template. Center the illustration of Glove of Forging, a common-tier card from the ADA ARCANA universe. Depict relic  while glove of forging remains, your resource gain is amplified. in a cyber-fantasy artstyle  blending glowing circuitry, digital runes, and mystical light. Replace the title text area with Glove of Forging. Replace the rarity box with Common. Write the description Relic  While Glove of Forging remains, your resource gain is amplified. inside the bottom black text box using elegant futuristic calligraphy font with blue or violet glow. Make the artwork appear as a holographic projection inside the frame, with neon reflections and magical energy patterns. Art style sci-fantasy, digital painting, cinematic lighting, holographic glow, 57 aspect ratio."
53,Echo Recompile,Uncommon,"Create a futuristic fantasy trading card using the ADA ARCANA frame template. Center the illustration of Echo Recompile, a uncommon-tier card from the ADA ARCANA universe. Depict spell  cast echo recompile to trigger a one-time effect that shifts tempo. in a cyber-fantasy artstyle  blending glowing circuitry, digital runes, and mystical light. Replace the title text area with Echo Recompile. Replace the rarity box with Uncommon. Write the description Spell  Cast Echo Recompile to trigger a one-time effect that shifts tempo. inside the bottom black text box using elegant futuristic calligraphy font with blue or violet glow. Make the artwork appear as a holographic projection inside the frame, with neon reflections and magical energy patterns. Art style sci-fantasy, digital painting, cinematic lighting, holographic glow, 57 aspect ratio."
54,Oracle Ping,Common,"Create a futuristic fantasy trading card using the ADA ARCANA frame template. Center the illustration of Oracle Ping, a common-tier card from the ADA ARCANA universe. Depict spell  cast oracle ping to trigger a one-time effect that shifts tempo. in a cyber-fantasy artstyle  blending glowing circuitry, digital runes, and mystical light. Replace the title text area with Oracle Ping. Replace the rarity box with Common. Write the description Spell  Cast Oracle Ping to trigger a one-time effect that shifts tempo. inside the bottom black text box using elegant futuristic calligraphy font with blue or violet glow. Make the artwork appear as a holographic projection inside the frame, with neon reflections and magical energy patterns. Art style sci-fantasy, digital painting, cinematic lighting, holographic glow, 57 aspect ratio."
55,Citadel Foundry,Uncommon,"Create a futuristic fantasy trading card using the ADA ARCANA frame template. Center the illustration of Citadel Foundry, a uncommon-tier card from the ADA ARCANA universe. Depict building  citadel foundry produces resources each turn and strengthens nearby units. in a cyber-fantasy artstyle  blending glowing circuitry, digital runes, and mystical light. Replace the title text area with Citadel Foundry. Replace the rarity box with Uncommon. Write the description Building  Citadel Foundry produces resources each turn and strengthens nearby units. inside the bottom black text box using elegant futuristic calligraphy font with blue or violet glow. Make the artwork appear as a holographic projection inside the frame, with neon reflections and magical energy patterns. Art style sci-fantasy, digital painting, cinematic lighting, holographic glow, 57 aspect ratio."
56,Aether Compass,Common,"Create a futuristic fantasy trading card using the ADA ARCANA frame template. Center the illustration of Aether Compass, a common-tier card from the ADA ARCANA universe. Depict relic  while aether compass remains, your resource gain is amplified. in a cyber-fantasy artstyle  blending glowing circuitry, digital runes, and mystical light. Replace the title text area with Aether Compass. Replace the rarity box with Common. Write the description Relic  While Aether Compass remains, your resource gain is amplified. inside the bottom black text box using elegant futuristic calligraphy font with blue or violet glow. Make the artwork appear as a holographic projection inside the frame, with neon reflections and magical energy patterns. Art style sci-fantasy, digital painting, cinematic lighting, holographic glow, 57 aspect ratio."
57,Defense Turret,Uncommon,"Create a futuristic fantasy trading card using the ADA ARCANA frame template. Center the illustration of Defense Turret, a uncommon-tier card from the ADA ARCANA universe. Depict building  defense turret produces resources each turn and strengthens nearby units. in a cyber-fantasy artstyle  blending glowing circuitry, digital runes, and mystical light. Replace the title text area with Defense Turret. Replace the rarity box with Uncommon. Write the description Building  Defense Turret produces resources each turn and strengthens nearby units. inside the bottom black text box using elegant futuristic calligraphy font with blue or violet glow. Make the artwork appear as a holographic projection inside the frame, with neon reflections and magical energy patterns. Art style sci-fantasy, digital painting, cinematic lighting, holographic glow, 57 aspect ratio."
58,Aether Knight,Rare,"Create a futuristic fantasy trading card using the ADA ARCANA frame template. Center the illustration of Aether Knight, a rare-tier card from the ADA ARCANA universe. Depict unit  aether knight enters with a tactical bonus when adjacent to a building. in a cyber-fantasy artstyle  blending glowing circuitry, digital runes, and mystical light. Replace the title text area with Aether Knight. Replace the rarity box with Rare. Write the description Unit  Aether Knight enters with a tactical bonus when adjacent to a Building. inside the bottom black text box using elegant futuristic calligraphy font with blue or violet glow. Make the artwork appear as a holographic projection inside the frame, with neon reflections and magical energy patterns. Art style sci-fantasy, digital painting, cinematic lighting, holographic glow, 57 aspect ratio."
59,Shardstorm,Common,"Create a futuristic fantasy trading card using the ADA ARCANA frame template. Center the illustration of Shardstorm, a common-tier card from the ADA ARCANA universe. Depict spell  cast shardstorm to trigger a one-time effect that shifts tempo. in a cyber-fantasy artstyle  blending glowing circuitry, digital runes, and mystical light. Replace the title text area with Shardstorm. Replace the rarity box with Common. Write the description Spell  Cast Shardstorm to trigger a one-time effect that shifts tempo. inside the bottom black text box using elegant futuristic calligraphy font with blue or violet glow. Make the artwork appear as a holographic projection inside the frame, with neon reflections and magical energy patterns. Art style sci-fantasy, digital painting, cinematic lighting, holographic glow, 57 aspect ratio."
60,Chain Locket,Uncommon,"Create a futuristic fantasy trading card using the ADA ARCANA frame template. Center the illustration of Chain Locket, a uncommon-tier card from the ADA ARCANA universe. Depict relic  while chain locket remains, your resource gain is amplified. in a cyber-fantasy artstyle  blending glowing circuitry, digital runes, and mystical light. Replace the title text area with Chain Locket. Replace the rarity box with Uncommon. Write the description Relic  While Chain Locket remains, your resource gain is amplified. inside the bottom black text box using elegant futuristic calligraphy font with blue or violet glow. Make the artwork appear as a holographic projection inside the frame, with neon reflections and magical energy patterns. Art style sci-fantasy, digital painting, cinematic lighting, holographic glow, 57 aspect ratio."
61,Vault Key,Rare,"Create a futuristic fantasy trading card using the ADA ARCANA frame template. Center the illustration of Vault Key, a rare-tier card from the ADA ARCANA universe. Depict relic  while vault key remains, your resource gain is amplified. in a cyber-fantasy artstyle  blending glowing circuitry, digital runes, and mystical light. Replace the title text area with Vault Key. Replace the rarity box with Rare. Write the description Relic  While Vault Key remains, your resource gain is amplified. inside the bottom black text box using elegant futuristic calligraphy font with blue or violet glow. Make the artwork appear as a holographic projection inside the frame, with neon reflections and magical energy patterns. Art style sci-fantasy, digital painting, cinematic lighting, holographic glow, 57 aspect ratio."
62,Prism Shift,Common,"Create a futuristic fantasy trading card using the ADA ARCANA frame template. Center the illustration of Prism Shift, a common-tier card from the ADA ARCANA universe. Depict spell  cast prism shift to trigger a one-time effect that shifts tempo. in a cyber-fantasy artstyle  blending glowing circuitry, digital runes, and mystical light. Replace the title text area with Prism Shift. Replace the rarity box with Common. Write the description Spell  Cast Prism Shift to trigger a one-time effect that shifts tempo. inside the bottom black text box using elegant futuristic calligraphy font with blue or violet glow. Make the artwork appear as a holographic projection inside the frame, with neon reflections and magical energy patterns. Art style sci-fantasy, digital painting, cinematic lighting, holographic glow, 57 aspect ratio."
63,Sigil Resonance,Uncommon,"Create a futuristic fantasy trading card using the ADA ARCANA frame template. Center the illustration of Sigil Resonance, a uncommon-tier card from the ADA ARCANA universe. Depict spell  cast sigil resonance to trigger a one-time effect that shifts tempo. in a cyber-fantasy artstyle  blending glowing circuitry, digital runes, and mystical light. Replace the title text area with Sigil Resonance. Replace the rarity box with Uncommon. Write the description Spell  Cast Sigil Resonance to trigger a one-time effect that shifts tempo. inside the bottom black text box using elegant futuristic calligraphy font with blue or violet glow. Make the artwork appear as a holographic projection inside the frame, with neon reflections and magical energy patterns. Art style sci-fantasy, digital painting, cinematic lighting, holographic glow, 57 aspect ratio."
64,Credit Windfall,Rare,"Create a futuristic fantasy trading card using the ADA ARCANA frame template. Center the illustration of Credit Windfall, a rare-tier card from the ADA ARCANA universe. Depict spell  cast credit windfall to trigger a one-time effect that shifts tempo. in a cyber-fantasy artstyle  blending glowing circuitry, digital runes, and mystical light. Replace the title text area with Credit Windfall. Replace the rarity box with Rare. Write the description Spell  Cast Credit Windfall to trigger a one-time effect that shifts tempo. inside the bottom black text box using elegant futuristic calligraphy font with blue or violet glow. Make the artwork appear as a holographic projection inside the frame, with neon reflections and magical energy patterns. Art style sci-fantasy, digital painting, cinematic lighting, holographic glow, 57 aspect ratio."
65,Orbital Relay,Common,"Create a futuristic fantasy trading card using the ADA ARCANA frame template. Center the illustration of Orbital Relay, a common-tier card from the ADA ARCANA universe. Depict building  orbital relay produces resources each turn and strengthens nearby units. in a cyber-fantasy artstyle  blending glowing circuitry, digital runes, and mystical light. Replace the title text area with Orbital Relay. Replace the rarity box with Common. Write the description Building  Orbital Relay produces resources each turn and strengthens nearby units. inside the bottom black text box using elegant futuristic calligraphy font with blue or violet glow. Make the artwork appear as a holographic projection inside the frame, with neon reflections and magical energy patterns. Art style sci-fantasy, digital painting, cinematic lighting, holographic glow, 57 aspect ratio."
66,Backtrace,Uncommon,"Create a futuristic fantasy trading card using the ADA ARCANA frame template. Center the illustration of Backtrace, a uncommon-tier card from the ADA ARCANA universe. Depict spell  cast backtrace to trigger a one-time effect that shifts tempo. in a cyber-fantasy artstyle  blending glowing circuitry, digital runes, and mystical light. Replace the title text area with Backtrace. Replace the rarity box with Uncommon. Write the description Spell  Cast Backtrace to trigger a one-time effect that shifts tempo. inside the bottom black text box using elegant futuristic calligraphy font with blue or violet glow. Make the artwork appear as a holographic projection inside the frame, with neon reflections and magical energy patterns. Art style sci-fantasy, digital painting, cinematic lighting, holographic glow, 57 aspect ratio."
67,Hydra Spire,Rare,"Create a futuristic fantasy trading card using the ADA ARCANA frame template. Center the illustration of Hydra Spire, a rare-tier card from the ADA ARCANA universe. Depict building  hydra spire produces resources each turn and strengthens nearby units. in a cyber-fantasy artstyle  blending glowing circuitry, digital runes, and mystical light. Replace the title text area with Hydra Spire. Replace the rarity box with Rare. Write the description Building  Hydra Spire produces resources each turn and strengthens nearby units. inside the bottom black text box using elegant futuristic calligraphy font with blue or violet glow. Make the artwork appear as a holographic projection inside the frame, with neon reflections and magical energy patterns. Art style sci-fantasy, digital painting, cinematic lighting, holographic glow, 57 aspect ratio."
68,Arc Forge Sentry,Common,"Create a futuristic fantasy trading card using the ADA ARCANA frame template. Center the illustration of Arc Forge Sentry, a common-tier card from the ADA ARCANA universe. Depict unit  arc forge sentry enters with a tactical bonus when adjacent to a building. in a cyber-fantasy artstyle  blending glowing circuitry, digital runes, and mystical light. Replace the title text area with Arc Forge Sentry. Replace the rarity box with Common. Write the description Unit  Arc Forge Sentry enters with a tactical bonus when adjacent to a Building. inside the bottom black text box using elegant futuristic calligraphy font with blue or violet glow. Make the artwork appear as a holographic projection inside the frame, with neon reflections and magical energy patterns. Art style sci-fantasy, digital painting, cinematic lighting, holographic glow, 57 aspect ratio."
69,Quantum Gamble,Uncommon,"Create a futuristic fantasy trading card using the ADA ARCANA frame template. Center the illustration of Quantum Gamble, a uncommon-tier card from the ADA ARCANA universe. Depict spell  cast quantum gamble to trigger a one-time effect that shifts tempo. in a cyber-fantasy artstyle  blending glowing circuitry, digital runes, and mystical light. Replace the title text area with Quantum Gamble. Replace the rarity box with Uncommon. Write the description Spell  Cast Quantum Gamble to trigger a one-time effect that shifts tempo. inside the bottom black text box using elegant futuristic calligraphy font with blue or violet glow. Make the artwork appear as a holographic projection inside the frame, with neon reflections and magical energy patterns. Art style sci-fantasy, digital painting, cinematic lighting, holographic glow, 57 aspect ratio."
70,Data Siphon,Rare,"Create a futuristic fantasy trading card using the ADA ARCANA frame template. Center the illustration of Data Siphon, a rare-tier card from the ADA ARCANA universe. Depict unit  data siphon enters with a tactical bonus when adjacent to a building. in a cyber-fantasy artstyle  blending glowing circuitry, digital runes, and mystical light. Replace the title text area with Data Siphon. Replace the rarity box with Rare. Write the description Unit  Data Siphon enters with a tactical bonus when adjacent to a Building. inside the bottom black text box using elegant futuristic calligraphy font with blue or violet glow. Make the artwork appear as a holographic projection inside the frame, with neon reflections and magical energy patterns. Art style sci-fantasy, digital painting, cinematic lighting, holographic glow, 57 aspect ratio."
71,Chain Sever,Common,"Create a futuristic fantasy trading card using the ADA ARCANA frame template. Center the illustration of Chain Sever, a common-tier card from the ADA ARCANA universe. Depict spell  cast chain sever to trigger a one-time effect that shifts tempo. in a cyber-fantasy artstyle  blending glowing circuitry, digital runes, and mystical light. Replace the title text area with Chain Sever. Replace the rarity box with Common. Write the description Spell  Cast Chain Sever to trigger a one-time effect that shifts tempo. inside the bottom black text box using elegant futuristic calligraphy font with blue or violet glow. Make the artwork appear as a holographic projection inside the frame, with neon reflections and magical energy patterns. Art style sci-fantasy, digital painting, cinematic lighting, holographic glow, 57 aspect ratio."
72,Arcane Fork,Uncommon,"Create a futuristic fantasy trading card using the ADA ARCANA frame template. Center the illustration of Arcane Fork, a uncommon-tier card from the ADA ARCANA universe. Depict spell  cast arcane fork to trigger a one-time effect that shifts tempo. in a cyber-fantasy artstyle  blending glowing circuitry, digital runes, and mystical light. Replace the title text area with Arcane Fork. Replace the rarity box with Uncommon. Write the description Spell  Cast Arcane Fork to trigger a one-time effect that shifts tempo. inside the bottom black text box using elegant futuristic calligraphy font with blue or violet glow. Make the artwork appear as a holographic projection inside the frame, with neon reflections and magical energy patterns. Art style sci-fantasy, digital painting, cinematic lighting, holographic glow, 57 aspect ratio."
73,Golem Engineer,Rare,"Create a futuristic fantasy trading card using the ADA ARCANA frame template. Center the illustration of Golem Engineer, a rare-tier card from the ADA ARCANA universe. Depict unit  golem engineer enters with a tactical bonus when adjacent to a building. in a cyber-fantasy artstyle  blending glowing circuitry, digital runes, and mystical light. Replace the title text area with Golem Engineer. Replace the rarity box with Rare. Write the description Unit  Golem Engineer enters with a tactical bonus when adjacent to a Building. inside the bottom black text box using elegant futuristic calligraphy font with blue or violet glow. Make the artwork appear as a holographic projection inside the frame, with neon reflections and magical energy patterns. Art style sci-fantasy, digital painting, cinematic lighting, holographic glow, 57 aspect ratio."
74,Vortex Prism,Common,"Create a futuristic fantasy trading card using the ADA ARCANA frame template. Center the illustration of Vortex Prism, a common-tier card from the ADA ARCANA universe. Depict relic  while vortex prism remains, your resource gain is amplified. in a cyber-fantasy artstyle  blending glowing circuitry, digital runes, and mystical light. Replace the title text area with Vortex Prism. Replace the rarity box with Common. Write the description Relic  While Vortex Prism remains, your resource gain is amplified. inside the bottom black text box using elegant futuristic calligraphy font with blue or violet glow. Make the artwork appear as a holographic projection inside the frame, with neon reflections and magical energy patterns. Art style sci-fantasy, digital painting, cinematic lighting, holographic glow, 57 aspect ratio."
75,Citadel Map,Uncommon,"Create a futuristic fantasy trading card using the ADA ARCANA frame template. Center the illustration of Citadel Map, a uncommon-tier card from the ADA ARCANA universe. Depict relic  while citadel map remains, your resource gain is amplified. in a cyber-fantasy artstyle  blending glowing circuitry, digital runes, and mystical light. Replace the title text area with Citadel Map. Replace the rarity box with Uncommon. Write the description Relic  While Citadel Map remains, your resource gain is amplified. inside the bottom black text box using elegant futuristic calligraphy font with blue or violet glow. Make the artwork appear as a holographic projection inside the frame, with neon reflections and magical energy patterns. Art style sci-fantasy, digital painting, cinematic lighting, holographic glow, 57 aspect ratio."
76,Citadel Recall,Rare,"Create a futuristic fantasy trading card using the ADA ARCANA frame template. Center the illustration of Citadel Recall, a rare-tier card from the ADA ARCANA universe. Depict spell  cast citadel recall to trigger a one-time effect that shifts tempo. in a cyber-fantasy artstyle  blending glowing circuitry, digital runes, and mystical light. Replace the title text area with Citadel Recall. Replace the rarity box with Rare. Write the description Spell  Cast Citadel Recall to trigger a one-time effect that shifts tempo. inside the bottom black text box using elegant futuristic calligraphy font with blue or violet glow. Make the artwork appear as a holographic projection inside the frame, with neon reflections and magical energy patterns. Art style sci-fantasy, digital painting, cinematic lighting, holographic glow, 57 aspect ratio."
77,Windcaller Ranger,Common,"Create a futuristic fantasy trading card using the ADA ARCANA frame template. Center the illustration of Windcaller Ranger, a common-tier card from the ADA ARCANA universe. Depict unit  windcaller ranger enters with a tactical bonus when adjacent to a building. in a cyber-fantasy artstyle  blending glowing circuitry, digital runes, and mystical light. Replace the title text area with Windcaller Ranger. Replace the rarity box with Common. Write the description Unit  Windcaller Ranger enters with a tactical bonus when adjacent to a Building. inside the bottom black text box using elegant futuristic calligraphy font with blue or violet glow. Make the artwork appear as a holographic projection inside the frame, with neon reflections and magical energy patterns. Art style sci-fantasy, digital painting, cinematic lighting, holographic glow, 57 aspect ratio."
78,Time-Lock,Uncommon,"Create a futuristic fantasy trading card using the ADA ARCANA frame template. Center the illustration of Time-Lock, a uncommon-tier card from the ADA ARCANA universe. Depict spell  cast time-lock to trigger a one-time effect that shifts tempo. in a cyber-fantasy artstyle  blending glowing circuitry, digital runes, and mystical light. Replace the title text area with Time-Lock. Replace the rarity box with Uncommon. Write the description Spell  Cast Time-Lock to trigger a one-time effect that shifts tempo. inside the bottom black text box using elegant futuristic calligraphy font with blue or violet glow. Make the artwork appear as a holographic projection inside the frame, with neon reflections and magical energy patterns. Art style sci-fantasy, digital painting, cinematic lighting, holographic glow, 57 aspect ratio."
79,Arc Reactor,Rare,"Create a futuristic fantasy trading card using the ADA ARCANA frame template. Center the illustration of Arc Reactor, a rare-tier card from the ADA ARCANA universe. Depict relic  while arc reactor remains, your resource gain is amplified. in a cyber-fantasy artstyle  blending glowing circuitry, digital runes, and mystical light. Replace the title text area with Arc Reactor. Replace the rarity box with Rare. Write the description Relic  While Arc Reactor remains, your resource gain is amplified. inside the bottom black text box using elegant futuristic calligraphy font with blue or violet glow. Make the artwork appear as a holographic projection inside the frame, with neon reflections and magical energy patterns. Art style sci-fantasy, digital painting, cinematic lighting, holographic glow, 57 aspect ratio."
80,Gravity Well,Epic,"Create a futuristic fantasy trading card using the ADA ARCANA frame template. Center the illustration of Gravity Well, a epic-tier card from the ADA ARCANA universe. Depict spell  cast gravity well to trigger a one-time effect that shifts tempo. in a cyber-fantasy artstyle  blending glowing circuitry, digital runes, and mystical light. Replace the title text area with Gravity Well. Replace the rarity box with Epic. Write the description Spell  Cast Gravity Well to trigger a one-time effect that shifts tempo. inside the bottom black text box using elegant futuristic calligraphy font with blue or violet glow. Make the artwork appear as a holographic projection inside the frame, with neon reflections and magical energy patterns. Art style sci-fantasy, digital painting, cinematic lighting, holographic glow, 57 aspect ratio."
81,Obra Artillerist,Common,"Create a futuristic fantasy trading card using the ADA ARCANA frame template. Center the illustration of Obra Artillerist, a common-tier card from the ADA ARCANA universe. Depict unit  obra artillerist enters with a tactical bonus when adjacent to a building. in a cyber-fantasy artstyle  blending glowing circuitry, digital runes, and mystical light. Replace the title text area with Obra Artillerist. Replace the rarity box with Common. Write the description Unit  Obra Artillerist enters with a tactical bonus when adjacent to a Building. inside the bottom black text box using elegant futuristic calligraphy font with blue or violet glow. Make the artwork appear as a holographic projection inside the frame, with neon reflections and magical energy patterns. Art style sci-fantasy, digital painting, cinematic lighting, holographic glow, 57 aspect ratio."
82,Chainbreaker Raider,Uncommon,"Create a futuristic fantasy trading card using the ADA ARCANA frame template. Center the illustration of Chainbreaker Raider, a uncommon-tier card from the ADA ARCANA universe. Depict unit  chainbreaker raider enters with a tactical bonus when adjacent to a building. in a cyber-fantasy artstyle  blending glowing circuitry, digital runes, and mystical light. Replace the title text area with Chainbreaker Raider. Replace the rarity box with Uncommon. Write the description Unit  Chainbreaker Raider enters with a tactical bonus when adjacent to a Building. inside the bottom black text box using elegant futuristic calligraphy font with blue or violet glow. Make the artwork appear as a holographic projection inside the frame, with neon reflections and magical energy patterns. Art style sci-fantasy, digital painting, cinematic lighting, holographic glow, 57 aspect ratio."
83,Airdrop Blessing,Rare,"Create a futuristic fantasy trading card using the ADA ARCANA frame template. Center the illustration of Airdrop Blessing, a rare-tier card from the ADA ARCANA universe. Depict spell  cast airdrop blessing to trigger a one-time effect that shifts tempo. in a cyber-fantasy artstyle  blending glowing circuitry, digital runes, and mystical light. Replace the title text area with Airdrop Blessing. Replace the rarity box with Rare. Write the description Spell  Cast Airdrop Blessing to trigger a one-time effect that shifts tempo. inside the bottom black text box using elegant futuristic calligraphy font with blue or violet glow. Make the artwork appear as a holographic projection inside the frame, with neon reflections and magical energy patterns. Art style sci-fantasy, digital painting, cinematic lighting, holographic glow, 57 aspect ratio."
84,Spirit Drum,Epic,"Create a futuristic fantasy trading card using the ADA ARCANA frame template. Center the illustration of Spirit Drum, a epic-tier card from the ADA ARCANA universe. Depict relic  while spirit drum remains, your resource gain is amplified. in a cyber-fantasy artstyle  blending glowing circuitry, digital runes, and mystical light. Replace the title text area with Spirit Drum. Replace the rarity box with Epic. Write the description Relic  While Spirit Drum remains, your resource gain is amplified. inside the bottom black text box using elegant futuristic calligraphy font with blue or violet glow. Make the artwork appear as a holographic projection inside the frame, with neon reflections and magical energy patterns. Art style sci-fantasy, digital painting, cinematic lighting, holographic glow, 57 aspect ratio."
85,Lunar Vanguard,Common,"Create a futuristic fantasy trading card using the ADA ARCANA frame template. Center the illustration of Lunar Vanguard, a common-tier card from the ADA ARCANA universe. Depict unit  lunar vanguard enters with a tactical bonus when adjacent to a building. in a cyber-fantasy artstyle  blending glowing circuitry, digital runes, and mystical light. Replace the title text area with Lunar Vanguard. Replace the rarity box with Common. Write the description Unit  Lunar Vanguard enters with a tactical bonus when adjacent to a Building. inside the bottom black text box using elegant futuristic calligraphy font with blue or violet glow. Make the artwork appear as a holographic projection inside the frame, with neon reflections and magical energy patterns. Art style sci-fantasy, digital painting, cinematic lighting, holographic glow, 57 aspect ratio."
86,Archive Restore,Uncommon,"Create a futuristic fantasy trading card using the ADA ARCANA frame template. Center the illustration of Archive Restore, a uncommon-tier card from the ADA ARCANA universe. Depict spell  cast archive restore to trigger a one-time effect that shifts tempo. in a cyber-fantasy artstyle  blending glowing circuitry, digital runes, and mystical light. Replace the title text area with Archive Restore. Replace the rarity box with Uncommon. Write the description Spell  Cast Archive Restore to trigger a one-time effect that shifts tempo. inside the bottom black text box using elegant futuristic calligraphy font with blue or violet glow. Make the artwork appear as a holographic projection inside the frame, with neon reflections and magical energy patterns. Art style sci-fantasy, digital painting, cinematic lighting, holographic glow, 57 aspect ratio."
87,Ember Duelist,Rare,"Create a futuristic fantasy trading card using the ADA ARCANA frame template. Center the illustration of Ember Duelist, a rare-tier card from the ADA ARCANA universe. Depict unit  ember duelist enters with a tactical bonus when adjacent to a building. in a cyber-fantasy artstyle  blending glowing circuitry, digital runes, and mystical light. Replace the title text area with Ember Duelist. Replace the rarity box with Rare. Write the description Unit  Ember Duelist enters with a tactical bonus when adjacent to a Building. inside the bottom black text box using elegant futuristic calligraphy font with blue or violet glow. Make the artwork appear as a holographic projection inside the frame, with neon reflections and magical energy patterns. Art style sci-fantasy, digital painting, cinematic lighting, holographic glow, 57 aspect ratio."
88,Frost Ronin,Epic,"Create a futuristic fantasy trading card using the ADA ARCANA frame template. Center the illustration of Frost Ronin, a epic-tier card from the ADA ARCANA universe. Depict unit  frost ronin enters with a tactical bonus when adjacent to a building. in a cyber-fantasy artstyle  blending glowing circuitry, digital runes, and mystical light. Replace the title text area with Frost Ronin. Replace the rarity box with Epic. Write the description Unit  Frost Ronin enters with a tactical bonus when adjacent to a Building. inside the bottom black text box using elegant futuristic calligraphy font with blue or violet glow. Make the artwork appear as a holographic projection inside the frame, with neon reflections and magical energy patterns. Art style sci-fantasy, digital painting, cinematic lighting, holographic glow, 57 aspect ratio."
89,Shadow Archivist,Common,"Create a futuristic fantasy trading card using the ADA ARCANA frame template. Center the illustration of Shadow Archivist, a common-tier card from the ADA ARCANA universe. Depict unit  shadow archivist enters with a tactical bonus when adjacent to a building. in a cyber-fantasy artstyle  blending glowing circuitry, digital runes, and mystical light. Replace the title text area with Shadow Archivist. Replace the rarity box with Common. Write the description Unit  Shadow Archivist enters with a tactical bonus when adjacent to a Building. inside the bottom black text box using elegant futuristic calligraphy font with blue or violet glow. Make the artwork appear as a holographic projection inside the frame, with neon reflections and magical energy patterns. Art style sci-fantasy, digital painting, cinematic lighting, holographic glow, 57 aspect ratio."
90,Circuit Assassin,Uncommon,"Create a futuristic fantasy trading card using the ADA ARCANA frame template. Center the illustration of Circuit Assassin, a uncommon-tier card from the ADA ARCANA universe. Depict unit  circuit assassin enters with a tactical bonus when adjacent to a building. in a cyber-fantasy artstyle  blending glowing circuitry, digital runes, and mystical light. Replace the title text area with Circuit Assassin. Replace the rarity box with Uncommon. Write the description Unit  Circuit Assassin enters with a tactical bonus when adjacent to a Building. inside the bottom black text box using elegant futuristic calligraphy font with blue or violet glow. Make the artwork appear as a holographic projection inside the frame, with neon reflections and magical energy patterns. Art style sci-fantasy, digital painting, cinematic lighting, holographic glow, 57 aspect ratio."
91,Entropy Blast,Rare,"Create a futuristic fantasy trading card using the ADA ARCANA frame template. Center the illustration of Entropy Blast, a rare-tier card from the ADA ARCANA universe. Depict spell  cast entropy blast to trigger a one-time effect that shifts tempo. in a cyber-fantasy artstyle  blending glowing circuitry, digital runes, and mystical light. Replace the title text area with Entropy Blast. Replace the rarity box with Rare. Write the description Spell  Cast Entropy Blast to trigger a one-time effect that shifts tempo. inside the bottom black text box using elegant futuristic calligraphy font with blue or violet glow. Make the artwork appear as a holographic projection inside the frame, with neon reflections and magical energy patterns. Art style sci-fantasy, digital painting, cinematic lighting, holographic glow, 57 aspect ratio."
92,Hydra Battery,Epic,"Create a futuristic fantasy trading card using the ADA ARCANA frame template. Center the illustration of Hydra Battery, a epic-tier card from the ADA ARCANA universe. Depict relic  while hydra battery remains, your resource gain is amplified. in a cyber-fantasy artstyle  blending glowing circuitry, digital runes, and mystical light. Replace the title text area with Hydra Battery. Replace the rarity box with Epic. Write the description Relic  While Hydra Battery remains, your resource gain is amplified. inside the bottom black text box using elegant futuristic calligraphy font with blue or violet glow. Make the artwork appear as a holographic projection inside the frame, with neon reflections and magical energy patterns. Art style sci-fantasy, digital painting, cinematic lighting, holographic glow, 57 aspect ratio."
93,Aether Observatory,Legendary,"Create a futuristic fantasy trading card using the ADA ARCANA frame template. Center the illustration of Aether Observatory, a legendary-tier card from the ADA ARCANA universe. Depict building  aether observatory produces resources each turn and strengthens nearby units. in a cyber-fantasy artstyle  blending glowing circuitry, digital runes, and mystical light. Replace the title text area with Aether Observatory. Replace the rarity box with Legendary. Write the description Building  Aether Observatory produces resources each turn and strengthens nearby units. inside the bottom black text box using elegant futuristic calligraphy font with blue or violet glow. Make the artwork appear as a holographic projection inside the frame, with neon reflections and magical energy patterns. Art style sci-fantasy, digital painting, cinematic lighting, holographic glow, 57 aspect ratio."
94,Whale Tamer,Common,"Create a futuristic fantasy trading card using the ADA ARCANA frame template. Center the illustration of Whale Tamer, a common-tier card from the ADA ARCANA universe. Depict unit  whale tamer enters with a tactical bonus when adjacent to a building. in a cyber-fantasy artstyle  blending glowing circuitry, digital runes, and mystical light. Replace the title text area with Whale Tamer. Replace the rarity box with Common. Write the description Unit  Whale Tamer enters with a tactical bonus when adjacent to a Building. inside the bottom black text box using elegant futuristic calligraphy font with blue or violet glow. Make the artwork appear as a holographic projection inside the frame, with neon reflections and magical energy patterns. Art style sci-fantasy, digital painting, cinematic lighting, holographic glow, 57 aspect ratio."
95,Prism Key,Uncommon,"Create a futuristic fantasy trading card using the ADA ARCANA frame template. Center the illustration of Prism Key, a uncommon-tier card from the ADA ARCANA universe. Depict relic  while prism key remains, your resource gain is amplified. in a cyber-fantasy artstyle  blending glowing circuitry, digital runes, and mystical light. Replace the title text area with Prism Key. Replace the rarity box with Uncommon. Write the description Relic  While Prism Key remains, your resource gain is amplified. inside the bottom black text box using elegant futuristic calligraphy font with blue or violet glow. Make the artwork appear as a holographic projection inside the frame, with neon reflections and magical energy patterns. Art style sci-fantasy, digital painting, cinematic lighting, holographic glow, 57 aspect ratio."
96,Null Field,Rare,"Create a futuristic fantasy trading card using the ADA ARCANA frame template. Center the illustration of Null Field, a rare-tier card from the ADA ARCANA universe. Depict spell  cast null field to trigger a one-time effect that shifts tempo. in a cyber-fantasy artstyle  blending glowing circuitry, digital runes, and mystical light. Replace the title text area with Null Field. Replace the rarity box with Rare. Write the description Spell  Cast Null Field to trigger a one-time effect that shifts tempo. inside the bottom black text box using elegant futuristic calligraphy font with blue or violet glow. Make the artwork appear as a holographic projection inside the frame, with neon reflections and magical energy patterns. Art style sci-fantasy, digital painting, cinematic lighting, holographic glow, 57 aspect ratio."
97,Bison Barracks,Epic,"Create a futuristic fantasy trading card using the ADA ARCANA frame template. Center the illustration of Bison Barracks, a epic-tier card from the ADA ARCANA universe. Depict building  bison barracks produces resources each turn and strengthens nearby units. in a cyber-fantasy artstyle  blending glowing circuitry, digital runes, and mystical light. Replace the title text area with Bison Barracks. Replace the rarity box with Epic. Write the description Building  Bison Barracks produces resources each turn and strengthens nearby units. inside the bottom black text box using elegant futuristic calligraphy font with blue or violet glow. Make the artwork appear as a holographic projection inside the frame, with neon reflections and magical energy patterns. Art style sci-fantasy, digital painting, cinematic lighting, holographic glow, 57 aspect ratio."
98,Skylance Dragoon,Legendary,"Create a futuristic fantasy trading card using the ADA ARCANA frame template. Center the illustration of Skylance Dragoon, a legendary-tier card from the ADA ARCANA universe. Depict unit  skylance dragoon enters with a tactical bonus when adjacent to a building. in a cyber-fantasy artstyle  blending glowing circuitry, digital runes, and mystical light. Replace the title text area with Skylance Dragoon. Replace the rarity box with Legendary. Write the description Unit  Skylance Dragoon enters with a tactical bonus when adjacent to a Building. inside the bottom black text box using elegant futuristic calligraphy font with blue or violet glow. Make the artwork appear as a holographic projection inside the frame, with neon reflections and magical energy patterns. Art style sci-fantasy, digital painting, cinematic lighting, holographic glow, 57 aspect ratio."
99,Bison Spearmaster,Common,"Create a futuristic fantasy trading card using the ADA ARCANA frame template. Center the illustration of Bison Spearmaster, a common-tier card from the ADA ARCANA universe. Depict unit  bison spearmaster enters with a tactical bonus when adjacent to a building. in a cyber-fantasy artstyle  blending glowing circuitry, digital runes, and mystical light. Replace the title text area with Bison Spearmaster. Replace the rarity box with Common. Write the description Unit  Bison Spearmaster enters with a tactical bonus when adjacent to a Building. inside the bottom black text box using elegant futuristic calligraphy font with blue or violet glow. Make the artwork appear as a holographic projection inside the frame, with neon reflections and magical energy patterns. Art style sci-fantasy, digital painting, cinematic lighting, holographic glow, 57 aspect ratio."
100,Data Forge,Uncommon,"Create a futuristic fantasy trading card using the ADA ARCANA frame template. Center the illustration of Data Forge, a uncommon-tier card from the ADA ARCANA universe. Depict building  data forge produces resources each turn and strengthens nearby units. in a cyber-fantasy artstyle  blending glowing circuitry, digital runes, and mystical light. Replace the title text area with Data Forge. Replace the rarity box with Uncommon. Write the description Building  Data Forge produces resources each turn and strengthens nearby units. inside the bottom black text box using elegant futuristic calligraphy font with blue or violet glow. Make the artwork appear as a holographic projection inside the frame, with neon reflections and magical energy patterns. Art style sci-fantasy, digital painting, cinematic lighting, holographic glow, 57 aspect ratio."
